BEGIN TRANSACTION;
DELETE FROM order_items;
DELETE FROM orders;
DELETE FROM reservations;
DELETE FROM menu_items;
DELETE FROM customers;

INSERT INTO customers (first_name, last_name, email, phone, created_at) VALUES
    ('Ava', 'Thompson', 'ava.thompson@example.com', '555-1001', '2025-01-10T09:00:00'),
    ('Liam', 'Patel', 'liam.patel@example.com', '555-1002', '2025-01-12T09:00:00'),
    ('Emma', 'Rodriguez', 'emma.rodriguez@example.com', '555-1003', '2025-01-14T09:00:00'),
    ('Noah', 'Chen', 'noah.chen@example.com', '555-1004', '2025-01-16T09:00:00'),
    ('Mia', 'Johnson', 'mia.johnson@example.com', '555-1005', '2025-01-18T09:00:00'),
    ('Ethan', 'Garcia', 'ethan.garcia@example.com', '555-1006', '2025-01-20T09:00:00'),
    ('Harper', 'Davis', 'harper.davis@example.com', '555-1007', '2025-01-22T09:00:00'),
    ('Lucas', 'Nguyen', 'lucas.nguyen@example.com', '555-1008', '2025-01-24T09:00:00'),
    ('Isabella', 'Martinez', 'isabella.martinez@example.com', '555-1009', '2025-01-26T09:00:00'),
    ('Oliver', 'Wilson', 'oliver.wilson@example.com', '555-1010', '2025-01-28T09:00:00'),
    ('Sophia', 'Kim', 'sophia.kim@example.com', '555-1011', '2025-01-30T09:00:00'),
    ('James', 'Brown', 'james.brown@example.com', '555-1012', '2025-02-01T09:00:00'),
    ('Grace', 'Lopez', 'grace.lopez@example.com', '555-1013', '2025-02-03T09:00:00'),
    ('Henry', 'Singh', 'henry.singh@example.com', '555-1014', '2025-02-05T09:00:00'),
    ('Charlotte', 'Hernandez', 'charlotte.hernandez@example.com', '555-1015', '2025-02-07T09:00:00'),
    ('Amelia', 'Gonzalez', 'amelia.gonzalez@example.com', '555-1016', '2025-02-09T09:00:00'),
    ('Benjamin', 'Scott', 'benjamin.scott@example.com', '555-1017', '2025-02-11T09:00:00'),
    ('Evelyn', 'Rivera', 'evelyn.rivera@example.com', '555-1018', '2025-02-13T09:00:00');

INSERT INTO menu_items (name, category, price, description, is_available, created_at) VALUES
    ('Truffle Parmesan Fries', 'Appetizers', 8.50, 'Crispy fries tossed in white truffle oil, parmesan, and herbs.', 1, '2025-01-05T10:00:00'),
    ('Crispy Calamari', 'Appetizers', 11.00, 'Lightly breaded calamari with lemon aioli.', 1, '2025-01-06T10:00:00'),
    ('Garlic Butter Shrimp', 'Appetizers', 12.50, 'Sautéed shrimp in garlic butter sauce with toasted baguette.', 1, '2025-01-07T10:00:00'),
    ('Charred Shishito Peppers', 'Appetizers', 9.00, 'Blistered shishito peppers with yuzu salt.', 1, '2025-01-08T10:00:00'),
    ('Mini Crab Cakes', 'Appetizers', 13.50, 'Pan-seared crab cakes with chipotle remoulade.', 1, '2025-01-09T10:00:00'),
    ('Roasted Tomato Bruschetta', 'Appetizers', 8.00, 'Grilled sourdough topped with roasted tomatoes and basil.', 1, '2025-01-10T10:00:00'),
    ('Burrata with Heirloom Tomatoes', 'Appetizers', 14.00, 'Creamy burrata, heirloom tomatoes, basil oil.', 1, '2025-01-11T10:00:00'),
    ('Korean BBQ Chicken Wings', 'Appetizers', 12.00, 'Sweet and spicy gochujang glaze, sesame seeds.', 1, '2025-01-12T10:00:00'),
    ('Spinach Artichoke Dip', 'Appetizers', 9.50, 'Three-cheese dip served with warm pita chips.', 0, '2025-01-13T10:00:00'),
    ('Lamb Kofta Skewers', 'Appetizers', 13.00, 'Spiced lamb skewers with tzatziki.', 1, '2025-01-14T10:00:00'),
    ('Classic Caesar Salad', 'Salads', 10.00, 'Romaine, parmesan, herbed croutons, house Caesar.', 1, '2025-01-15T10:00:00'),
    ('Kale & Quinoa Salad', 'Salads', 11.00, 'Baby kale, quinoa, cranberries, toasted almonds.', 1, '2025-01-16T10:00:00'),
    ('Greek Village Salad', 'Salads', 10.50, 'Tomatoes, cucumbers, olives, feta, oregano vinaigrette.', 1, '2025-01-17T10:00:00'),
    ('Roasted Beet & Goat Cheese Salad', 'Salads', 12.00, 'Golden beets, goat cheese, pistachios.', 1, '2025-01-18T10:00:00'),
    ('Watermelon Feta Salad', 'Salads', 9.50, 'Watermelon, feta, mint, lime dressing.', 1, '2025-01-19T10:00:00'),
    ('Southwest Chicken Salad', 'Salads', 13.00, 'Grilled chicken, black beans, corn, chipotle ranch.', 1, '2025-01-20T10:00:00'),
    ('Asian Sesame Noodle Salad', 'Salads', 11.50, 'Chilled soba noodles, sesame dressing, edamame.', 1, '2025-01-21T10:00:00'),
    ('Heirloom Caprese Salad', 'Salads', 12.50, 'Heirloom tomatoes, buffalo mozzarella, basil pesto.', 0, '2025-01-22T10:00:00'),
    ('Herb Roasted Chicken', 'Entrees', 18.00, 'Half chicken with rosemary jus and garlic mash.', 1, '2025-01-23T10:00:00'),
    ('Pan-Seared Salmon', 'Entrees', 22.00, 'Atlantic salmon, dill beurre blanc.', 1, '2025-01-24T10:00:00'),
    ('Grilled Ribeye Steak', 'Entrees', 32.00, '14 oz ribeye, chimichurri, roasted potatoes.', 1, '2025-01-25T10:00:00'),
    ('Miso Glazed Black Cod', 'Entrees', 28.00, 'Black cod with miso glaze and bok choy.', 1, '2025-01-05T10:00:00'),
    ('Butternut Squash Ravioli', 'Entrees', 19.00, 'Brown butter sage sauce, toasted pepitas.', 1, '2025-01-06T10:00:00'),
    ('Short Rib Ragu Pappardelle', 'Entrees', 24.00, 'Slow braised short rib, fresh pasta.', 1, '2025-01-07T10:00:00'),
    ('Mediterranean Lamb Chops', 'Entrees', 30.00, 'Grilled lamb chops, couscous, mint yogurt.', 1, '2025-01-08T10:00:00'),
    ('Cedar Plank Trout', 'Entrees', 24.00, 'Rainbow trout smoked on cedar plank.', 1, '2025-01-09T10:00:00'),
    ('Vegan Mushroom Risotto', 'Entrees', 18.00, 'Wild mushrooms, truffle oil, arborio rice.', 1, '2025-01-10T10:00:00'),
    ('Spicy Thai Basil Stir Fry', 'Entrees', 17.00, 'Choice of tofu or chicken, jasmine rice.', 1, '2025-01-11T10:00:00'),
    ('Slow Cooked Beef Bourguignon', 'Entrees', 27.00, 'Red wine braised beef, pearl onions.', 1, '2025-01-12T10:00:00'),
    ('BBQ Smoked Half Chicken', 'Entrees', 21.00, 'House BBQ glaze, grilled corn.', 0, '2025-01-13T10:00:00'),
    ('Seared Scallop Linguine', 'Entrees', 26.00, 'Seared scallops, lemon garlic cream.', 1, '2025-01-14T10:00:00'),
    ('Truffle Wagyu Burger', 'Entrees', 20.00, 'Wagyu beef, truffle aioli, gruyère.', 1, '2025-01-15T10:00:00'),
    ('Warm Chocolate Lava Cake', 'Desserts', 9.50, 'Molten center, vanilla bean ice cream.', 1, '2025-01-16T10:00:00'),
    ('Seasonal Fruit Tart', 'Desserts', 8.50, 'Almond crust, pastry cream, fresh fruit.', 1, '2025-01-17T10:00:00'),
    ('Classic Crème Brûlée', 'Desserts', 9.00, 'Vanilla custard, caramelized sugar crust.', 1, '2025-01-18T10:00:00'),
    ('Salted Caramel Cheesecake', 'Desserts', 8.50, 'New York style cheesecake, caramel drizzle.', 1, '2025-01-19T10:00:00'),
    ('Matcha Tiramisu', 'Desserts', 8.00, 'Ladyfingers soaked in matcha, mascarpone.', 1, '2025-01-20T10:00:00'),
    ('Lemon Olive Oil Cake', 'Desserts', 7.50, 'Citrus glaze, whipped ricotta.', 1, '2025-01-21T10:00:00'),
    ('Bananas Foster Bread Pudding', 'Desserts', 9.00, 'Rum caramel sauce, vanilla ice cream.', 1, '2025-01-22T10:00:00'),
    ('Vanilla Bean Panna Cotta', 'Desserts', 8.00, 'Berry compote, mint.', 1, '2025-01-23T10:00:00'),
    ('Sparkling Elderflower Lemonade', 'Beverages', 4.50, 'House lemonade, elderflower syrup.', 1, '2025-01-24T10:00:00'),
    ('Cold Brew Coffee', 'Beverages', 4.25, 'Locally roasted cold brew.', 0, '2025-01-25T10:00:00'),
    ('Fresh Pressed Orange Juice', 'Beverages', 4.75, 'Sunshine grove oranges.', 1, '2025-01-05T10:00:00'),
    ('House Ginger Kombucha', 'Beverages', 5.00, 'Small batch fermented tea.', 1, '2025-01-06T10:00:00'),
    ('Raspberry Hibiscus Iced Tea', 'Beverages', 4.00, 'Brewed hibiscus tea, raspberry syrup.', 1, '2025-01-07T10:00:00'),
    ('Classic Margarita', 'Beverages', 10.00, 'Reposado tequila, lime, agave.', 1, '2025-01-08T10:00:00'),
    ('Smoked Old Fashioned', 'Beverages', 12.00, 'Smoked bourbon, bitters, orange.', 1, '2025-01-09T10:00:00'),
    ('Cucumber Mint Mule', 'Beverages', 9.50, 'Vodka, lime, ginger beer, cucumber.', 1, '2025-01-10T10:00:00'),
    ('Pineapple Jalapeño Paloma', 'Beverages', 10.50, 'Tequila, grapefruit, pineapple, spice.', 1, '2025-01-11T10:00:00'),
    ('Lavender Gin Fizz', 'Beverages', 11.00, 'Gin, lavender syrup, club soda.', 1, '2025-01-12T10:00:00'),
    ('Zero-Proof Citrus Spritz', 'Beverages', 6.00, 'Citrus cordial, sparkling water.', 1, '2025-01-13T10:00:00'),
    ('Barrel-Aged Manhattan', 'Beverages', 13.00, 'Rye whiskey, sweet vermouth, bitters.', 1, '2025-01-14T10:00:00'),
    ('Sparkling Rosé', 'Beverages', 8.00, 'Brut rosé, strawberry notes.', 0, '2025-01-15T10:00:00'),
    ('Local Craft IPA', 'Beverages', 7.00, 'Rotating selection of local IPA.', 1, '2025-01-16T10:00:00'),
    ('Seasonal Sangria', 'Beverages', 9.00, 'Red wine, seasonal fruit, brandy.', 1, '2025-01-17T10:00:00');

INSERT INTO orders (customer_id, order_status, order_datetime, total_amount) VALUES
    (1, 'completed', '2025-03-01T17:30:00', 29.50),
    (4, 'completed', '2025-03-01T18:45:00', 43.00),
    (7, 'in_progress', '2025-03-01T20:15:00', 33.00),
    (2, 'completed', '2025-03-01T22:00:00', 83.00),
    (9, 'completed', '2025-03-01T23:35:00', 50.00),
    (6, 'completed', '2025-03-02T00:50:00', 47.50),
    (12, 'completed', '2025-03-02T03:20:00', 48.50),
    (15, 'cancelled', '2025-03-02T04:40:00', 12.75),
    (3, 'completed', '2025-03-02T06:10:00', 51.50),
    (8, 'completed', '2025-03-02T07:25:00', 38.00),
    (5, 'completed', '2025-03-02T08:35:00', 58.00),
    (10, 'in_progress', '2025-03-02T09:55:00', 46.00),
    (13, 'completed', '2025-03-02T11:05:00', 35.50),
    (16, 'completed', '2025-03-02T12:30:00', 56.00),
    (11, 'completed', '2025-03-02T13:50:00', 49.00);

INSERT INTO order_items (order_id, menu_item_id, quantity, price) VALUES
    (1, 2, 1, 11.00),
    (1, 33, 1, 9.50),
    (1, 41, 2, 4.50),
    (2, 20, 1, 22.00),
    (2, 45, 2, 4.00),
    (2, 52, 1, 13.00),
    (3, 14, 1, 12.00),
    (3, 10, 1, 13.00),
    (3, 37, 1, 8.00),
    (4, 21, 1, 32.00),
    (4, 29, 1, 27.00),
    (4, 47, 2, 12.00),
    (5, 5, 2, 13.50),
    (5, 6, 1, 8.00),
    (5, 38, 2, 7.50),
    (6, 23, 1, 19.00),
    (6, 32, 1, 20.00),
    (6, 36, 1, 8.50),
    (7, 19, 1, 18.00),
    (7, 30, 1, 21.00),
    (7, 48, 1, 9.50),
    (8, 1, 1, 8.50),
    (8, 42, 1, 4.25),
    (9, 18, 2, 12.50),
    (9, 34, 1, 8.50),
    (9, 39, 2, 9.00),
    (10, 26, 1, 24.00),
    (10, 35, 1, 9.00),
    (10, 44, 1, 5.00),
    (11, 27, 1, 18.00),
    (11, 31, 1, 26.00),
    (11, 54, 2, 7.00),
    (12, 22, 1, 28.00),
    (12, 40, 1, 8.00),
    (12, 46, 1, 10.00),
    (13, 15, 1, 9.50),
    (13, 28, 1, 17.00),
    (13, 55, 1, 9.00),
    (14, 7, 1, 14.00),
    (14, 24, 1, 24.00),
    (14, 51, 3, 6.00),
    (15, 25, 1, 30.00),
    (15, 9, 1, 9.50),
    (15, 43, 2, 4.75);

INSERT INTO reservations (customer_id, reservation_datetime, party_size, special_requests, status, created_at) VALUES
    (1, '2025-03-04T16:00:00', 4, 'Corner booth for anniversary.', 'confirmed', '2025-02-23T16:00:00'),
    (3, '2025-03-03T18:00:00', 2, 'Window seat, vegan options.', 'confirmed', '2025-02-24T16:00:00'),
    (5, '2025-03-05T20:00:00', 6, 'High chair requested.', 'seated', '2025-02-25T16:00:00'),
    (7, '2025-03-07T22:00:00', 2, 'Celebrating promotion.', 'confirmed', '2025-02-26T16:00:00'),
    (9, '2025-03-06T16:00:00', 8, 'Birthday cake storage.', 'confirmed', '2025-02-27T16:00:00'),
    (11, '2025-03-08T18:00:00', 5, 'Need space for presentation.', 'pending', '2025-02-28T16:00:00'),
    (13, '2025-03-09T20:00:00', 3, 'Quiet table, please.', 'confirmed', '2025-03-01T16:00:00'),
    (15, '2025-03-10T22:00:00', 4, 'One guest gluten-free.', 'confirmed', '2025-03-02T16:00:00'),
    (17, '2025-03-04T16:00:00', 2, 'Running 10 minutes late.', 'seated', '2025-03-03T16:00:00'),
    (4, '2025-03-11T18:00:00', 10, 'Corporate dinner.', 'confirmed', '2025-03-04T16:00:00'),
    (6, '2025-03-12T20:00:00', 3, 'Outdoor patio preferred.', 'cancelled', '2025-03-05T16:00:00'),
    (8, '2025-03-13T22:00:00', 5, 'Team outing with projector.', 'confirmed', '2025-03-06T16:00:00');

COMMIT;